{"data": [
  [20.03, 7.53, 10.91, 22.4, 51.08, 80.04, 0, 0, 67.41, 0.36, 0, 2.35, 11.1, 0.79783682983683],
  [61.08, 11.46, 15.67, 18.25, 66.01, 0.11, 0, 93.69, 7.15, 0, 3.21, 20.67, 43.6, 0.8230265917729364],
  [8.89, 62.12, 6.52, 54.25, 44.8, 40.4, 0, 95.4, 92.7, 4.33, 1, 64.25, 68.86, 0.771779986029164],
  [5.86, 4.07, 3.19, 50.44, 11.65, 93.61, 0, 94.62, 57.03, 0.42, 11.44, 0.35, 46.72, 1.1156876102292768],
  [5.69, 6.51, 11.56, 65.19, 55.14, 0, 0, 89.77, 93.91, 19.98, 36.43, 79.33, 6.9, 1.7210440045617466],
  [12.57, 1.67, 25.44, 64.53, 2.77, 0, 0, 13.25, 89.94, 43.02, 12.22, 75.97, 30.63, 0.6414757241942063],
  [14.34, 9.02, 12.15, 59.76, 51.88, 63.18, 0, 78.29, 6.58, 0, 42.25, 8.55, 77.27, 1.1445978327228326],
  [5.87, 6.85, 8.4, 55.39, 19.93, 14.97, 0, 64.37, 54.38, 70.2, 74.39, 5.86, 9.42, 0.571473290115802],
  [12.73, 7.03, 10.13, 54.53, 47.95, 2.68, 0, 21.76, 62.5, 35.81, 53.42, 24.78, 30.33, 0.7094240454615465],
  [18.43, 6.97, 13.29, 17.36, 50.09, 47.21, 64.76, 0, 47.23, 3.43, 45.03, 24.13, 17.67, 0.5597005452577726],
  [12.5, 12.91, 11.15, 59.82, 59.67, 41.44, 0, 56.11, 11.38, 0.05, 46.77, 27.15, 66.13, 0.9980425161461295],
  [7.85, 8.52, 7.64, 62.95, 71.02, 0.2, 0, 34.62, 46.56, 51.24, 59.19, 8.07, 55.58, 0.48056368812421796],
  [26.13, 12, 33.65, 27.04, 17.92, 44.3, 0, 81.96, 8.37, 2.76, 6.87, 12.97, 67.92, 0.7697848585208861],
  [13.15, 11.02, 16.1, 49.43, 49.9, 31.17, 63.71, 0, 46.64, 63.79, 68.12, 24.18, 69.23, 0.5638089541682135],
  [17.41, 7.72, 12.89, 64.07, 62.33, 0.18, 0, 80.03, 65.09, 27, 31.39, 83.16, 60.25, 0.5503797240262019]
],
"drunk": [
  1,
  1,
  1,
  1,
  1,
  1,
  1,
  1,
  1,
  1,
  1,
  1,
  1,
  1,
  1
]
}
