{"data": [
  [9.05, 4.98, 13.92, 51.43, 51.86, 12.91, 0, 85.76, 37.66, 8.36, 1.19, 24.6, 22.93, 0.782100559],
  [26.44, 11.54, 23.64, 4.27, 66.37, 54.49, 0, 85.86, 46.33, 58.81, 41.31, 11.68, 22.52, 0.750585227],
  [5.63, 9.18, 11.19, 35.9, 52.21, 40.47, 0, 88.82, 80.94, 59.88, 26.81, 36.03, 48.23, 0.735845815],
  [35.28, 10.18, 3.71, 34.54, 35.22, 47.92, 0, 73.11, 34.65, 20.07, 30.23, 82.81, 59.09, 0.808776471],
  [35.28, 24.69, 14.2, 0.87, 61.7, 66.41, 0, 79.4, 47.94, 1.27, 20.75, 41.58, 38.45, 0.831036458],
  [14.24, 12.7, 5.32, 56.19, 59.48, 12.81, 0, 90.37, 85.25, 34.46, 15.26, 1.89, 24.85, 0.817324324],
  [52.67, 41.12, 13.76, 45.41, 14.19, 0, 0, 82.49, 58.76, 17.07, 7.61, 37.1, 88.99, 0.745294118],
  [67.8, 5.96, 41.97, 64.43, 62.69, 1.03, 0, 87.05, 87.06, 1.13, 0.22, 18.01, 39.58, 0.824703704],
  [12.75, 6.33, 12.07, 67.17, 52.76, 17.82, 0, 78.92, 98.97, 90.77, 38.98, 33.35, 43.9, 0.832007874],
  [11, 9.02, 66.89, 8.3, 63.38, 0, 0, 95.57, 11.96, 21.36, 36.18, 3.36, 69.33, 0.755496],
  [13.21, 6.4, 14.94, 52.34, 60.17, 0, 0, 69.82, 93.1, 27.81, 44.15, 53.19, 34.98, 0.829606299],
  [11.68, 10.98, 12.46, 62.15, 23.01, 2.02, 0, 91.28, 37.86, 85.62, 36.44, 15.25, 73.8, 0.748232432],
  [10.75, 48.06, 9.8, 56.58, 21.65, 0, 0, 58.87, 20.09, 21.23, 46.21, 11.37, 77.12, 0.718284722],
  [6.59, 2.73, 10.87, 57.62, 59.78, 58.95, 0, 93.96, 59.9, 78.85, 59.28, 20.28, 63.34, 0.662693548],
  [48.42, 6.28, 12.98, 59.45, 50.08, 0, 0, 66.09, 15.45, 87.47, 75.13, 16.55, 89.5, 0.676115044]
],
"drunk": [
  0,
  0,
  0,
  0,
  0,
  0,
  0,
  0,
  0,
  0,
  0,
  0,
  0,
  0,
  0
]
}
